id,plate_number,lot_id,owner_name,email
1,AAH-3443,A,Sandra Hernandez,fsmith@example.org
2,EVC-5366,D,Erin Thomas,holdenlauren@example.net
3,ZHU-1153,C,Vanessa Ellis,brooke73@example.org
4,QEK-8387,D,Barbara Cooper,vanessawheeler@example.com
5,JTU-1243,B,Mr. John Zamora,steven78@example.com
6,YNR-4709,D,Robert Roberts,christopher63@example.org
7,ZDV-8647,D,Andrea Franklin,ipeters@example.net
8,TJP-6163,B,Nicole Hartman,ajames@example.net
9,RMY-2265,B,Katherine Adams,pamela91@example.org
10,KLD-1778,C,Brandi Olson,dominguezmichael@example.org
11,BUQ-4393,D,Katelyn Kennedy,cindy30@example.net
12,JAK-8271,D,Sherry Gordon,bridget96@example.com
13,VHE-6285,D,Bryan Cuevas,florescrystal@example.org
14,DUJ-6814,A,Timothy Hansen,qcurry@example.com
15,DUZ-4102,C,Gary Porter,cbradley@example.org
16,ZUR-3176,A,Brianna Peterson,rodriguezhaley@example.net
17,NJS-7530,C,Troy Johnson,lopezmatthew@example.com
18,XUX-1076,D,Frank Hunter,christopherfox@example.org
19,HEZ-1450,D,Lori Ward,gardnercassandra@example.com
20,AWK-5631,C,Tracey Daniels,pwilliams@example.org
21,EWP-6485,D,Madeline Adkins,donnacooper@example.com
22,LLJ-8378,C,Ann Ward,herrerageorge@example.org
23,PNL-4956,A,Dr. Christina Jackson,david28@example.net
24,DXV-5412,C,Regina Page,priceian@example.com
25,HPK-2675,D,Christopher Washington,normanbenjamin@example.com
26,DHM-6734,A,Russell Owens,yglass@example.com
27,XXY-8946,D,Shelly Torres,leahfoster@example.com
28,UDK-4926,D,Sheri Craig,willie83@example.org
29,FQW-8977,D,Alexis Mcdonald,bmiller@example.net
30,SDK-4127,C,Natalie Powell,pamela66@example.com
31,CLF-1830,A,Heather Jimenez,campbellleslie@example.com
32,YCY-5610,B,Caroline Saunders,alvarezeric@example.org
33,AXF-1467,A,Jessica Curtis,donovanscott@example.org
34,YRN-1254,D,Veronica Brown,kimsheila@example.org
35,KXN-6183,B,Jasmin Wilson,anthony04@example.org
36,EAN-5805,A,Eric Jones,kristenjimenez@example.net
37,DWU-0395,D,Tamara Le,williamclark@example.org
38,RXB-9094,D,Cheryl Howell,jthomas@example.com
39,RZL-6581,D,Amy Jones,peterssean@example.net
40,MVA-7834,D,Danielle Garcia,kelseylawrence@example.com
41,FNA-2423,A,Tim Mccormick,alex27@example.net
42,DBZ-2016,D,Erin Rodriguez,kennedygabriel@example.org
43,BJH-4988,D,Savannah Klein,omarshall@example.net
44,JTG-4215,B,Tammy Morrow,thompsonlaura@example.com
45,QZB-2072,A,Hailey Rodriguez,kthomas@example.org
46,DNQ-4670,C,Julia Mckee,carlos07@example.com
47,JHY-9311,B,Beth Moore,francisco29@example.org
48,WQH-0067,C,Monica Smith,mperez@example.org
49,GZF-6097,B,Theresa Jordan,colerodriguez@example.net
50,KFM-7294,D,Jared Rodriguez,mitchell34@example.net
51,GBD-0007,C,Kristina Graves,jesuspittman@example.org
52,FHF-2096,B,Jodi Santos,carrollkatelyn@example.org
53,UXN-3704,B,Charles Gonzales,hernandezian@example.net
54,REJ-3842,C,Curtis Morgan,lanceowens@example.com
55,KWN-6310,C,Christine Santos,sara50@example.net
56,MKN-6183,B,Courtney Chen,morgan75@example.org
57,TXP-3923,C,Cindy Lee,kelleysandra@example.net
58,XBM-1999,D,Luis Moreno DDS,cfrye@example.com
59,FBZ-8668,D,Danielle Cooper,abigailsmith@example.com
60,FVP-7299,D,Joseph Gonzalez,sarahgreen@example.net
61,DUT-9847,C,Laura Barrett,julie63@example.com
62,JAM-4783,C,Emily Martin,ostewart@example.com
63,SST-2688,B,Whitney Campbell,clarkaaron@example.net
64,VXD-1384,C,Ashlee Roberts,ythompson@example.net
65,MUH-0293,B,Jesus Lee,david22@example.com
66,TGY-0648,D,Stephanie Cole,russodanielle@example.org
67,GXJ-2567,C,Jason Williamson,sherri62@example.com
68,DPA-7556,C,Lindsey Soto,lkoch@example.org
69,ELZ-0463,C,Christine Holland,fcollins@example.org
70,NCR-0510,B,William Williams,parrishchristine@example.org
71,QQQ-0355,A,Gilbert Bell,smithyvonne@example.org
72,YRF-9682,C,Anthony Gonzales,vincent33@example.com
73,GPK-6230,D,Michele Turner,michaelgeorge@example.com
74,YLP-0265,D,Jason Park,patrick35@example.com
75,SDL-7821,D,Amanda Blair,michael87@example.net
76,ZVN-5807,A,Bonnie Weber,kellykaren@example.com
77,WUU-2996,C,Jessica Clark,kimberlysalinas@example.com
78,TFA-6176,A,Karen Johnson,susanparks@example.com
79,WKV-6499,C,Brian Choi,bsmith@example.org
80,CRD-7381,A,Melissa Garcia,vvaldez@example.com
81,AJR-9212,C,Elizabeth Cooley,kevinvazquez@example.org
82,YKA-2845,A,Briana Wright,tylersalazar@example.org
83,EZQ-7658,C,Linda Moody,katiewatkins@example.org
84,QCY-6159,A,Justin Foster,terrireese@example.com
85,HYK-0257,A,William Garcia,alexandra30@example.net
86,FBK-8923,C,Jeffrey Strong,millershelly@example.net
87,UPJ-9406,C,John Davila,hebertpaul@example.com
88,DHS-3659,B,Steven Dixon,cassandrasosa@example.org
89,EJH-3122,A,Rachel Owen,fkim@example.org
90,KPG-2643,B,David Lambert,ogriffin@example.com
91,TEF-2463,B,Brandon Cohen,russotyler@example.org
92,DDP-1051,C,Joshua Strickland,clopez@example.com
93,YTM-9994,C,Rachel Meadows,mistypayne@example.org
94,XXP-0314,C,Brian Williams,veronicalewis@example.com
95,MHY-1798,D,Shawn Harris,gbullock@example.org
96,GGK-2116,A,Dennis Thomas,qhernandez@example.net
97,AEA-4868,C,Caitlin Chen,smithcatherine@example.net
98,VMQ-4108,B,Samantha Perkins,katherinesmith@example.org
99,LHB-8119,B,Kevin Douglas,comptonbrittney@example.net
100,DYC-5726,D,Tina Mendez,tgriffin@example.org
